"Program","Year","Period","Week Ending","Geo Level","State","State ANSI","Ag District","Ag District Code","County","County ANSI","Zip Code","Region","watershed_code","Watershed","Commodity","Data Item","Domain","Domain Category","Value","CV (%)"
"SURVEY","2017","YEAR","","NATIONAL","US TOTAL","","","","","","","","00000000","","SOYBEANS","SOYBEANS - YIELD, MEASURED IN BU / ACRE","TOTAL","NOT SPECIFIED","49.1",""
"SURVEY","2017","YEAR - AUG FORECAST","","NATIONAL","US TOTAL","","","","","","","","00000000","","SOYBEANS","SOYBEANS - YIELD, MEASURED IN BU / ACRE","TOTAL","NOT SPECIFIED","49.4",""
"SURVEY","2017","YEAR - NOV FORECAST","","NATIONAL","US TOTAL","","","","","","","","00000000","","SOYBEANS","SOYBEANS - YIELD, MEASURED IN BU / ACRE","TOTAL","NOT SPECIFIED","49.5",""
"SURVEY","2017","YEAR - OCT FORECAST","","NATIONAL","US TOTAL","","","","","","","","00000000","","SOYBEANS","SOYBEANS - YIELD, MEASURED IN BU / ACRE","TOTAL","NOT SPECIFIED","49.5",""
"SURVEY","2017","YEAR - SEP FORECAST","","NATIONAL","US TOTAL","","","","","","","","00000000","","SOYBEANS","SOYBEANS - YIELD, MEASURED IN BU / ACRE","TOTAL","NOT SPECIFIED","49.9",""
"SURVEY","2016","YEAR","","NATIONAL","US TOTAL","","","","","","","","00000000","","SOYBEANS","SOYBEANS - YIELD, MEASURED IN BU / ACRE","TOTAL","NOT SPECIFIED","52",""
"SURVEY","2016","YEAR - AUG FORECAST","","NATIONAL","US TOTAL","","","","","","","","00000000","","SOYBEANS","SOYBEANS - YIELD, MEASURED IN BU / ACRE","TOTAL","NOT SPECIFIED","48.9",""
"SURVEY","2016","YEAR - NOV FORECAST","","NATIONAL","US TOTAL","","","","","","","","00000000","","SOYBEANS","SOYBEANS - YIELD, MEASURED IN BU / ACRE","TOTAL","NOT SPECIFIED","52.5",""
"SURVEY","2016","YEAR - OCT FORECAST","","NATIONAL","US TOTAL","","","","","","","","00000000","","SOYBEANS","SOYBEANS - YIELD, MEASURED IN BU / ACRE","TOTAL","NOT SPECIFIED","51.4",""
"SURVEY","2016","YEAR - SEP FORECAST","","NATIONAL","US TOTAL","","","","","","","","00000000","","SOYBEANS","SOYBEANS - YIELD, MEASURED IN BU / ACRE","TOTAL","NOT SPECIFIED","50.6",""
"SURVEY","2015","YEAR","","NATIONAL","US TOTAL","","","","","","","","00000000","","SOYBEANS","SOYBEANS - YIELD, MEASURED IN BU / ACRE","TOTAL","NOT SPECIFIED","48",""
"SURVEY","2015","YEAR - AUG FORECAST","","NATIONAL","US TOTAL","","","","","","","","00000000","","SOYBEANS","SOYBEANS - YIELD, MEASURED IN BU / ACRE","TOTAL","NOT SPECIFIED","46.9",""
"SURVEY","2015","YEAR - NOV FORECAST","","NATIONAL","US TOTAL","","","","","","","","00000000","","SOYBEANS","SOYBEANS - YIELD, MEASURED IN BU / ACRE","TOTAL","NOT SPECIFIED","48.3",""
"SURVEY","2015","YEAR - OCT FORECAST","","NATIONAL","US TOTAL","","","","","","","","00000000","","SOYBEANS","SOYBEANS - YIELD, MEASURED IN BU / ACRE","TOTAL","NOT SPECIFIED","47.2",""
"SURVEY","2015","YEAR - SEP FORECAST","","NATIONAL","US TOTAL","","","","","","","","00000000","","SOYBEANS","SOYBEANS - YIELD, MEASURED IN BU / ACRE","TOTAL","NOT SPECIFIED","47.1",""
"SURVEY","2014","YEAR","","NATIONAL","US TOTAL","","","","","","","","00000000","","SOYBEANS","SOYBEANS - YIELD, MEASURED IN BU / ACRE","TOTAL","NOT SPECIFIED","47.5",""
"SURVEY","2014","YEAR - AUG FORECAST","","NATIONAL","US TOTAL","","","","","","","","00000000","","SOYBEANS","SOYBEANS - YIELD, MEASURED IN BU / ACRE","TOTAL","NOT SPECIFIED","45.4",""
"SURVEY","2014","YEAR - NOV FORECAST","","NATIONAL","US TOTAL","","","","","","","","00000000","","SOYBEANS","SOYBEANS - YIELD, MEASURED IN BU / ACRE","TOTAL","NOT SPECIFIED","47.5",""
"SURVEY","2014","YEAR - OCT FORECAST","","NATIONAL","US TOTAL","","","","","","","","00000000","","SOYBEANS","SOYBEANS - YIELD, MEASURED IN BU / ACRE","TOTAL","NOT SPECIFIED","47.1",""
"SURVEY","2014","YEAR - SEP FORECAST","","NATIONAL","US TOTAL","","","","","","","","00000000","","SOYBEANS","SOYBEANS - YIELD, MEASURED IN BU / ACRE","TOTAL","NOT SPECIFIED","46.6",""
"SURVEY","2013","YEAR","","NATIONAL","US TOTAL","","","","","","","","00000000","","SOYBEANS","SOYBEANS - YIELD, MEASURED IN BU / ACRE","TOTAL","NOT SPECIFIED","44",""
"SURVEY","2013","YEAR - AUG FORECAST","","NATIONAL","US TOTAL","","","","","","","","00000000","","SOYBEANS","SOYBEANS - YIELD, MEASURED IN BU / ACRE","TOTAL","NOT SPECIFIED","42.6",""
"SURVEY","2013","YEAR - NOV FORECAST","","NATIONAL","US TOTAL","","","","","","","","00000000","","SOYBEANS","SOYBEANS - YIELD, MEASURED IN BU / ACRE","TOTAL","NOT SPECIFIED","43",""
"SURVEY","2013","YEAR - SEP FORECAST","","NATIONAL","US TOTAL","","","","","","","","00000000","","SOYBEANS","SOYBEANS - YIELD, MEASURED IN BU / ACRE","TOTAL","NOT SPECIFIED","41.2",""
"SURVEY","2012","YEAR","","NATIONAL","US TOTAL","","","","","","","","00000000","","SOYBEANS","SOYBEANS - YIELD, MEASURED IN BU / ACRE","TOTAL","NOT SPECIFIED","40",""
"SURVEY","2012","YEAR - AUG FORECAST","","NATIONAL","US TOTAL","","","","","","","","00000000","","SOYBEANS","SOYBEANS - YIELD, MEASURED IN BU / ACRE","TOTAL","NOT SPECIFIED","36.1",""
"SURVEY","2012","YEAR - NOV FORECAST","","NATIONAL","US TOTAL","","","","","","","","00000000","","SOYBEANS","SOYBEANS - YIELD, MEASURED IN BU / ACRE","TOTAL","NOT SPECIFIED","39.3",""
"SURVEY","2012","YEAR - OCT FORECAST","","NATIONAL","US TOTAL","","","","","","","","00000000","","SOYBEANS","SOYBEANS - YIELD, MEASURED IN BU / ACRE","TOTAL","NOT SPECIFIED","37.8",""
"SURVEY","2012","YEAR - SEP FORECAST","","NATIONAL","US TOTAL","","","","","","","","00000000","","SOYBEANS","SOYBEANS - YIELD, MEASURED IN BU / ACRE","TOTAL","NOT SPECIFIED","35.3",""
"SURVEY","2011","YEAR","","NATIONAL","US TOTAL","","","","","","","","00000000","","SOYBEANS","SOYBEANS - YIELD, MEASURED IN BU / ACRE","TOTAL","NOT SPECIFIED","42",""
"SURVEY","2011","YEAR - AUG FORECAST","","NATIONAL","US TOTAL","","","","","","","","00000000","","SOYBEANS","SOYBEANS - YIELD, MEASURED IN BU / ACRE","TOTAL","NOT SPECIFIED","41.4",""
"SURVEY","2011","YEAR - NOV FORECAST","","NATIONAL","US TOTAL","","","","","","","","00000000","","SOYBEANS","SOYBEANS - YIELD, MEASURED IN BU / ACRE","TOTAL","NOT SPECIFIED","41.3",""
"SURVEY","2011","YEAR - OCT FORECAST","","NATIONAL","US TOTAL","","","","","","","","00000000","","SOYBEANS","SOYBEANS - YIELD, MEASURED IN BU / ACRE","TOTAL","NOT SPECIFIED","41.5",""
"SURVEY","2011","YEAR - SEP FORECAST","","NATIONAL","US TOTAL","","","","","","","","00000000","","SOYBEANS","SOYBEANS - YIELD, MEASURED IN BU / ACRE","TOTAL","NOT SPECIFIED","41.8",""
"SURVEY","2010","YEAR","","NATIONAL","US TOTAL","","","","","","","","00000000","","SOYBEANS","SOYBEANS - YIELD, MEASURED IN BU / ACRE","TOTAL","NOT SPECIFIED","43.5",""
"SURVEY","2010","YEAR - AUG FORECAST","","NATIONAL","US TOTAL","","","","","","","","00000000","","SOYBEANS","SOYBEANS - YIELD, MEASURED IN BU / ACRE","TOTAL","NOT SPECIFIED","44",""
"SURVEY","2010","YEAR - NOV FORECAST","","NATIONAL","US TOTAL","","","","","","","","00000000","","SOYBEANS","SOYBEANS - YIELD, MEASURED IN BU / ACRE","TOTAL","NOT SPECIFIED","43.9",""
"SURVEY","2010","YEAR - OCT FORECAST","","NATIONAL","US TOTAL","","","","","","","","00000000","","SOYBEANS","SOYBEANS - YIELD, MEASURED IN BU / ACRE","TOTAL","NOT SPECIFIED","44.4",""
"SURVEY","2010","YEAR - SEP FORECAST","","NATIONAL","US TOTAL","","","","","","","","00000000","","SOYBEANS","SOYBEANS - YIELD, MEASURED IN BU / ACRE","TOTAL","NOT SPECIFIED","44.7",""
"SURVEY","2009","YEAR","","NATIONAL","US TOTAL","","","","","","","","00000000","","SOYBEANS","SOYBEANS - YIELD, MEASURED IN BU / ACRE","TOTAL","NOT SPECIFIED","44",""
"SURVEY","2009","YEAR - AUG FORECAST","","NATIONAL","US TOTAL","","","","","","","","00000000","","SOYBEANS","SOYBEANS - YIELD, MEASURED IN BU / ACRE","TOTAL","NOT SPECIFIED","41.7",""
"SURVEY","2009","YEAR - NOV FORECAST","","NATIONAL","US TOTAL","","","","","","","","00000000","","SOYBEANS","SOYBEANS - YIELD, MEASURED IN BU / ACRE","TOTAL","NOT SPECIFIED","43.3",""
"SURVEY","2009","YEAR - OCT FORECAST","","NATIONAL","US TOTAL","","","","","","","","00000000","","SOYBEANS","SOYBEANS - YIELD, MEASURED IN BU / ACRE","TOTAL","NOT SPECIFIED","42.4",""
"SURVEY","2009","YEAR - SEP FORECAST","","NATIONAL","US TOTAL","","","","","","","","00000000","","SOYBEANS","SOYBEANS - YIELD, MEASURED IN BU / ACRE","TOTAL","NOT SPECIFIED","42.3",""
"SURVEY","2008","YEAR","","NATIONAL","US TOTAL","","","","","","","","00000000","","SOYBEANS","SOYBEANS - YIELD, MEASURED IN BU / ACRE","TOTAL","NOT SPECIFIED","39.7",""
"SURVEY","2008","YEAR - AUG FORECAST","","NATIONAL","US TOTAL","","","","","","","","00000000","","SOYBEANS","SOYBEANS - YIELD, MEASURED IN BU / ACRE","TOTAL","NOT SPECIFIED","40.5",""
"SURVEY","2008","YEAR - NOV FORECAST","","NATIONAL","US TOTAL","","","","","","","","00000000","","SOYBEANS","SOYBEANS - YIELD, MEASURED IN BU / ACRE","TOTAL","NOT SPECIFIED","39.3",""
"SURVEY","2008","YEAR - OCT FORECAST","","NATIONAL","US TOTAL","","","","","","","","00000000","","SOYBEANS","SOYBEANS - YIELD, MEASURED IN BU / ACRE","TOTAL","NOT SPECIFIED","39.5",""
"SURVEY","2008","YEAR - SEP FORECAST","","NATIONAL","US TOTAL","","","","","","","","00000000","","SOYBEANS","SOYBEANS - YIELD, MEASURED IN BU / ACRE","TOTAL","NOT SPECIFIED","40",""
"SURVEY","2007","YEAR","","NATIONAL","US TOTAL","","","","","","","","00000000","","SOYBEANS","SOYBEANS - YIELD, MEASURED IN BU / ACRE","TOTAL","NOT SPECIFIED","41.7",""
"SURVEY","2007","YEAR - AUG FORECAST","","NATIONAL","US TOTAL","","","","","","","","00000000","","SOYBEANS","SOYBEANS - YIELD, MEASURED IN BU / ACRE","TOTAL","NOT SPECIFIED","41.5",""
"SURVEY","2007","YEAR - NOV FORECAST","","NATIONAL","US TOTAL","","","","","","","","00000000","","SOYBEANS","SOYBEANS - YIELD, MEASURED IN BU / ACRE","TOTAL","NOT SPECIFIED","41.3",""
"SURVEY","2007","YEAR - OCT FORECAST","","NATIONAL","US TOTAL","","","","","","","","00000000","","SOYBEANS","SOYBEANS - YIELD, MEASURED IN BU / ACRE","TOTAL","NOT SPECIFIED","41.4",""
"SURVEY","2007","YEAR - SEP FORECAST","","NATIONAL","US TOTAL","","","","","","","","00000000","","SOYBEANS","SOYBEANS - YIELD, MEASURED IN BU / ACRE","TOTAL","NOT SPECIFIED","41.4",""
"SURVEY","2006","YEAR","","NATIONAL","US TOTAL","","","","","","","","00000000","","SOYBEANS","SOYBEANS - YIELD, MEASURED IN BU / ACRE","TOTAL","NOT SPECIFIED","42.9",""
"SURVEY","2006","YEAR - AUG FORECAST","","NATIONAL","US TOTAL","","","","","","","","00000000","","SOYBEANS","SOYBEANS - YIELD, MEASURED IN BU / ACRE","TOTAL","NOT SPECIFIED","39.6",""
"SURVEY","2006","YEAR - NOV FORECAST","","NATIONAL","US TOTAL","","","","","","","","00000000","","SOYBEANS","SOYBEANS - YIELD, MEASURED IN BU / ACRE","TOTAL","NOT SPECIFIED","43",""
"SURVEY","2006","YEAR - OCT FORECAST","","NATIONAL","US TOTAL","","","","","","","","00000000","","SOYBEANS","SOYBEANS - YIELD, MEASURED IN BU / ACRE","TOTAL","NOT SPECIFIED","42.8",""
"SURVEY","2006","YEAR - SEP FORECAST","","NATIONAL","US TOTAL","","","","","","","","00000000","","SOYBEANS","SOYBEANS - YIELD, MEASURED IN BU / ACRE","TOTAL","NOT SPECIFIED","41.8",""
"SURVEY","2005","YEAR","","NATIONAL","US TOTAL","","","","","","","","00000000","","SOYBEANS","SOYBEANS - YIELD, MEASURED IN BU / ACRE","TOTAL","NOT SPECIFIED","43.1",""
"SURVEY","2005","YEAR - AUG FORECAST","","NATIONAL","US TOTAL","","","","","","","","00000000","","SOYBEANS","SOYBEANS - YIELD, MEASURED IN BU / ACRE","TOTAL","NOT SPECIFIED","38.7",""
"SURVEY","2005","YEAR - NOV FORECAST","","NATIONAL","US TOTAL","","","","","","","","00000000","","SOYBEANS","SOYBEANS - YIELD, MEASURED IN BU / ACRE","TOTAL","NOT SPECIFIED","42.7",""
"SURVEY","2005","YEAR - OCT FORECAST","","NATIONAL","US TOTAL","","","","","","","","00000000","","SOYBEANS","SOYBEANS - YIELD, MEASURED IN BU / ACRE","TOTAL","NOT SPECIFIED","41.6",""
"SURVEY","2005","YEAR - SEP FORECAST","","NATIONAL","US TOTAL","","","","","","","","00000000","","SOYBEANS","SOYBEANS - YIELD, MEASURED IN BU / ACRE","TOTAL","NOT SPECIFIED","39.6",""
"SURVEY","2004","YEAR","","NATIONAL","US TOTAL","","","","","","","","00000000","","SOYBEANS","SOYBEANS - YIELD, MEASURED IN BU / ACRE","TOTAL","NOT SPECIFIED","42.2",""
"SURVEY","2004","YEAR - AUG FORECAST","","NATIONAL","US TOTAL","","","","","","","","00000000","","SOYBEANS","SOYBEANS - YIELD, MEASURED IN BU / ACRE","TOTAL","NOT SPECIFIED","39.1",""
"SURVEY","2004","YEAR - NOV FORECAST","","NATIONAL","US TOTAL","","","","","","","","00000000","","SOYBEANS","SOYBEANS - YIELD, MEASURED IN BU / ACRE","TOTAL","NOT SPECIFIED","42.6",""
"SURVEY","2004","YEAR - OCT FORECAST","","NATIONAL","US TOTAL","","","","","","","","00000000","","SOYBEANS","SOYBEANS - YIELD, MEASURED IN BU / ACRE","TOTAL","NOT SPECIFIED","42",""
"SURVEY","2004","YEAR - SEP FORECAST","","NATIONAL","US TOTAL","","","","","","","","00000000","","SOYBEANS","SOYBEANS - YIELD, MEASURED IN BU / ACRE","TOTAL","NOT SPECIFIED","38.5",""
"SURVEY","2003","YEAR","","NATIONAL","US TOTAL","","","","","","","","00000000","","SOYBEANS","SOYBEANS - YIELD, MEASURED IN BU / ACRE","TOTAL","NOT SPECIFIED","33.9",""
"SURVEY","2003","YEAR - AUG FORECAST","","NATIONAL","US TOTAL","","","","","","","","00000000","","SOYBEANS","SOYBEANS - YIELD, MEASURED IN BU / ACRE","TOTAL","NOT SPECIFIED","39.4",""
"SURVEY","2003","YEAR - NOV FORECAST","","NATIONAL","US TOTAL","","","","","","","","00000000","","SOYBEANS","SOYBEANS - YIELD, MEASURED IN BU / ACRE","TOTAL","NOT SPECIFIED","33.8",""
"SURVEY","2003","YEAR - OCT FORECAST","","NATIONAL","US TOTAL","","","","","","","","00000000","","SOYBEANS","SOYBEANS - YIELD, MEASURED IN BU / ACRE","TOTAL","NOT SPECIFIED","34",""
"SURVEY","2003","YEAR - SEP FORECAST","","NATIONAL","US TOTAL","","","","","","","","00000000","","SOYBEANS","SOYBEANS - YIELD, MEASURED IN BU / ACRE","TOTAL","NOT SPECIFIED","36.4",""
"SURVEY","2002","YEAR","","NATIONAL","US TOTAL","","","","","","","","00000000","","SOYBEANS","SOYBEANS - YIELD, MEASURED IN BU / ACRE","TOTAL","NOT SPECIFIED","38",""
"SURVEY","2002","YEAR - AUG FORECAST","","NATIONAL","US TOTAL","","","","","","","","00000000","","SOYBEANS","SOYBEANS - YIELD, MEASURED IN BU / ACRE","TOTAL","NOT SPECIFIED","36.5",""
"SURVEY","2002","YEAR - NOV FORECAST","","NATIONAL","US TOTAL","","","","","","","","00000000","","SOYBEANS","SOYBEANS - YIELD, MEASURED IN BU / ACRE","TOTAL","NOT SPECIFIED","37.5",""
"SURVEY","2002","YEAR - OCT FORECAST","","NATIONAL","US TOTAL","","","","","","","","00000000","","SOYBEANS","SOYBEANS - YIELD, MEASURED IN BU / ACRE","TOTAL","NOT SPECIFIED","37",""
"SURVEY","2002","YEAR - SEP FORECAST","","NATIONAL","US TOTAL","","","","","","","","00000000","","SOYBEANS","SOYBEANS - YIELD, MEASURED IN BU / ACRE","TOTAL","NOT SPECIFIED","37",""
"SURVEY","2001","YEAR","","NATIONAL","US TOTAL","","","","","","","","00000000","","SOYBEANS","SOYBEANS - YIELD, MEASURED IN BU / ACRE","TOTAL","NOT SPECIFIED","39.6",""
"SURVEY","2001","YEAR - AUG FORECAST","","NATIONAL","US TOTAL","","","","","","","","00000000","","SOYBEANS","SOYBEANS - YIELD, MEASURED IN BU / ACRE","TOTAL","NOT SPECIFIED","38.7",""
"SURVEY","2001","YEAR - NOV FORECAST","","NATIONAL","US TOTAL","","","","","","","","00000000","","SOYBEANS","SOYBEANS - YIELD, MEASURED IN BU / ACRE","TOTAL","NOT SPECIFIED","39.4",""
"SURVEY","2001","YEAR - OCT FORECAST","","NATIONAL","US TOTAL","","","","","","","","00000000","","SOYBEANS","SOYBEANS - YIELD, MEASURED IN BU / ACRE","TOTAL","NOT SPECIFIED","39.2",""
"SURVEY","2001","YEAR - SEP FORECAST","","NATIONAL","US TOTAL","","","","","","","","00000000","","SOYBEANS","SOYBEANS - YIELD, MEASURED IN BU / ACRE","TOTAL","NOT SPECIFIED","38.2",""
"SURVEY","2000","YEAR","","NATIONAL","US TOTAL","","","","","","","","00000000","","SOYBEANS","SOYBEANS - YIELD, MEASURED IN BU / ACRE","TOTAL","NOT SPECIFIED","38.1",""
"SURVEY","2000","YEAR - AUG FORECAST","","NATIONAL","US TOTAL","","","","","","","","00000000","","SOYBEANS","SOYBEANS - YIELD, MEASURED IN BU / ACRE","TOTAL","NOT SPECIFIED","40.7",""
"SURVEY","2000","YEAR - NOV FORECAST","","NATIONAL","US TOTAL","","","","","","","","00000000","","SOYBEANS","SOYBEANS - YIELD, MEASURED IN BU / ACRE","TOTAL","NOT SPECIFIED","38",""
"SURVEY","2000","YEAR - OCT FORECAST","","NATIONAL","US TOTAL","","","","","","","","00000000","","SOYBEANS","SOYBEANS - YIELD, MEASURED IN BU / ACRE","TOTAL","NOT SPECIFIED","38.7",""
"SURVEY","2000","YEAR - SEP FORECAST","","NATIONAL","US TOTAL","","","","","","","","00000000","","SOYBEANS","SOYBEANS - YIELD, MEASURED IN BU / ACRE","TOTAL","NOT SPECIFIED","39.5",""
"SURVEY","1999","YEAR","","NATIONAL","US TOTAL","","","","","","","","00000000","","SOYBEANS","SOYBEANS - YIELD, MEASURED IN BU / ACRE","TOTAL","NOT SPECIFIED","36.6",""
"SURVEY","1999","YEAR - AUG FORECAST","","NATIONAL","US TOTAL","","","","","","","","00000000","","SOYBEANS","SOYBEANS - YIELD, MEASURED IN BU / ACRE","TOTAL","NOT SPECIFIED","39.2",""
"SURVEY","1999","YEAR - NOV FORECAST","","NATIONAL","US TOTAL","","","","","","","","00000000","","SOYBEANS","SOYBEANS - YIELD, MEASURED IN BU / ACRE","TOTAL","NOT SPECIFIED","36.7",""
"SURVEY","1999","YEAR - OCT FORECAST","","NATIONAL","US TOTAL","","","","","","","","00000000","","SOYBEANS","SOYBEANS - YIELD, MEASURED IN BU / ACRE","TOTAL","NOT SPECIFIED","37",""
"SURVEY","1999","YEAR - SEP FORECAST","","NATIONAL","US TOTAL","","","","","","","","00000000","","SOYBEANS","SOYBEANS - YIELD, MEASURED IN BU / ACRE","TOTAL","NOT SPECIFIED","37.9",""
"SURVEY","1998","YEAR","","NATIONAL","US TOTAL","","","","","","","","00000000","","SOYBEANS","SOYBEANS - YIELD, MEASURED IN BU / ACRE","TOTAL","NOT SPECIFIED","38.9",""
"SURVEY","1998","YEAR - AUG FORECAST","","NATIONAL","US TOTAL","","","","","","","","00000000","","SOYBEANS","SOYBEANS - YIELD, MEASURED IN BU / ACRE","TOTAL","NOT SPECIFIED","39.5",""
"SURVEY","1998","YEAR - NOV FORECAST","","NATIONAL","US TOTAL","","","","","","","","00000000","","SOYBEANS","SOYBEANS - YIELD, MEASURED IN BU / ACRE","TOTAL","NOT SPECIFIED","38.6",""
"SURVEY","1998","YEAR - OCT FORECAST","","NATIONAL","US TOTAL","","","","","","","","00000000","","SOYBEANS","SOYBEANS - YIELD, MEASURED IN BU / ACRE","TOTAL","NOT SPECIFIED","38.7",""
"SURVEY","1998","YEAR - SEP FORECAST","","NATIONAL","US TOTAL","","","","","","","","00000000","","SOYBEANS","SOYBEANS - YIELD, MEASURED IN BU / ACRE","TOTAL","NOT SPECIFIED","40.6",""
"SURVEY","1997","YEAR","","NATIONAL","US TOTAL","","","","","","","","00000000","","SOYBEANS","SOYBEANS - YIELD, MEASURED IN BU / ACRE","TOTAL","NOT SPECIFIED","38.9",""
"SURVEY","1997","YEAR - AUG FORECAST","","NATIONAL","US TOTAL","","","","","","","","00000000","","SOYBEANS","SOYBEANS - YIELD, MEASURED IN BU / ACRE","TOTAL","NOT SPECIFIED","39.3",""
"SURVEY","1997","YEAR - NOV FORECAST","","NATIONAL","US TOTAL","","","","","","","","00000000","","SOYBEANS","SOYBEANS - YIELD, MEASURED IN BU / ACRE","TOTAL","NOT SPECIFIED","39.2",""
"SURVEY","1997","YEAR - OCT FORECAST","","NATIONAL","US TOTAL","","","","","","","","00000000","","SOYBEANS","SOYBEANS - YIELD, MEASURED IN BU / ACRE","TOTAL","NOT SPECIFIED","39",""
"SURVEY","1997","YEAR - SEP FORECAST","","NATIONAL","US TOTAL","","","","","","","","00000000","","SOYBEANS","SOYBEANS - YIELD, MEASURED IN BU / ACRE","TOTAL","NOT SPECIFIED","39.3",""
"SURVEY","1996","YEAR","","NATIONAL","US TOTAL","","","","","","","","00000000","","SOYBEANS","SOYBEANS - YIELD, MEASURED IN BU / ACRE","TOTAL","NOT SPECIFIED","37.6",""
"SURVEY","1996","YEAR - AUG FORECAST","","NATIONAL","US TOTAL","","","","","","","","00000000","","SOYBEANS","SOYBEANS - YIELD, MEASURED IN BU / ACRE","TOTAL","NOT SPECIFIED","36.2",""
"SURVEY","1996","YEAR - NOV FORECAST","","NATIONAL","US TOTAL","","","","","","","","00000000","","SOYBEANS","SOYBEANS - YIELD, MEASURED IN BU / ACRE","TOTAL","NOT SPECIFIED","37.9",""
"SURVEY","1996","YEAR - OCT FORECAST","","NATIONAL","US TOTAL","","","","","","","","00000000","","SOYBEANS","SOYBEANS - YIELD, MEASURED IN BU / ACRE","TOTAL","NOT SPECIFIED","37",""
"SURVEY","1996","YEAR - SEP FORECAST","","NATIONAL","US TOTAL","","","","","","","","00000000","","SOYBEANS","SOYBEANS - YIELD, MEASURED IN BU / ACRE","TOTAL","NOT SPECIFIED","35.8",""
"SURVEY","1995","YEAR","","NATIONAL","US TOTAL","","","","","","","","00000000","","SOYBEANS","SOYBEANS - YIELD, MEASURED IN BU / ACRE","TOTAL","NOT SPECIFIED","35.3",""
"SURVEY","1995","YEAR - AUG FORECAST","","NATIONAL","US TOTAL","","","","","","","","00000000","","SOYBEANS","SOYBEANS - YIELD, MEASURED IN BU / ACRE","TOTAL","NOT SPECIFIED","36.4",""
"SURVEY","1995","YEAR - NOV FORECAST","","NATIONAL","US TOTAL","","","","","","","","00000000","","SOYBEANS","SOYBEANS - YIELD, MEASURED IN BU / ACRE","TOTAL","NOT SPECIFIED","35.4",""
"SURVEY","1995","YEAR - OCT FORECAST","","NATIONAL","US TOTAL","","","","","","","","00000000","","SOYBEANS","SOYBEANS - YIELD, MEASURED IN BU / ACRE","TOTAL","NOT SPECIFIED","35.5",""
"SURVEY","1995","YEAR - SEP FORECAST","","NATIONAL","US TOTAL","","","","","","","","00000000","","SOYBEANS","SOYBEANS - YIELD, MEASURED IN BU / ACRE","TOTAL","NOT SPECIFIED","37",""
"SURVEY","1994","YEAR","","NATIONAL","US TOTAL","","","","","","","","00000000","","SOYBEANS","SOYBEANS - YIELD, MEASURED IN BU / ACRE","TOTAL","NOT SPECIFIED","41.4",""
"SURVEY","1994","YEAR - AUG FORECAST","","NATIONAL","US TOTAL","","","","","","","","00000000","","SOYBEANS","SOYBEANS - YIELD, MEASURED IN BU / ACRE","TOTAL","NOT SPECIFIED","37.6",""
"SURVEY","1994","YEAR - NOV FORECAST","","NATIONAL","US TOTAL","","","","","","","","00000000","","SOYBEANS","SOYBEANS - YIELD, MEASURED IN BU / ACRE","TOTAL","NOT SPECIFIED","41.5",""
"SURVEY","1994","YEAR - OCT FORECAST","","NATIONAL","US TOTAL","","","","","","","","00000000","","SOYBEANS","SOYBEANS - YIELD, MEASURED IN BU / ACRE","TOTAL","NOT SPECIFIED","40.5",""
"SURVEY","1994","YEAR - SEP FORECAST","","NATIONAL","US TOTAL","","","","","","","","00000000","","SOYBEANS","SOYBEANS - YIELD, MEASURED IN BU / ACRE","TOTAL","NOT SPECIFIED","38.2",""
"SURVEY","1993","YEAR","","NATIONAL","US TOTAL","","","","","","","","00000000","","SOYBEANS","SOYBEANS - YIELD, MEASURED IN BU / ACRE","TOTAL","NOT SPECIFIED","32.6",""
"SURVEY","1993","YEAR - AUG FORECAST","","NATIONAL","US TOTAL","","","","","","","","00000000","","SOYBEANS","SOYBEANS - YIELD, MEASURED IN BU / ACRE","TOTAL","NOT SPECIFIED","33.8",""
"SURVEY","1993","YEAR - NOV FORECAST","","NATIONAL","US TOTAL","","","","","","","","00000000","","SOYBEANS","SOYBEANS - YIELD, MEASURED IN BU / ACRE","TOTAL","NOT SPECIFIED","32.7",""
"SURVEY","1993","YEAR - OCT FORECAST","","NATIONAL","US TOTAL","","","","","","","","00000000","","SOYBEANS","SOYBEANS - YIELD, MEASURED IN BU / ACRE","TOTAL","NOT SPECIFIED","33.7",""
"SURVEY","1993","YEAR - SEP FORECAST","","NATIONAL","US TOTAL","","","","","","","","00000000","","SOYBEANS","SOYBEANS - YIELD, MEASURED IN BU / ACRE","TOTAL","NOT SPECIFIED","34",""
"SURVEY","1992","YEAR","","NATIONAL","US TOTAL","","","","","","","","00000000","","SOYBEANS","SOYBEANS - YIELD, MEASURED IN BU / ACRE","TOTAL","NOT SPECIFIED","37.6",""
"SURVEY","1992","YEAR - AUG FORECAST","","NATIONAL","US TOTAL","","","","","","","","00000000","","SOYBEANS","SOYBEANS - YIELD, MEASURED IN BU / ACRE","TOTAL","NOT SPECIFIED","35.8",""
"SURVEY","1992","YEAR - NOV FORECAST","","NATIONAL","US TOTAL","","","","","","","","00000000","","SOYBEANS","SOYBEANS - YIELD, MEASURED IN BU / ACRE","TOTAL","NOT SPECIFIED","37.3",""
"SURVEY","1992","YEAR - OCT FORECAST","","NATIONAL","US TOTAL","","","","","","","","00000000","","SOYBEANS","SOYBEANS - YIELD, MEASURED IN BU / ACRE","TOTAL","NOT SPECIFIED","36.3",""
"SURVEY","1992","YEAR - SEP FORECAST","","NATIONAL","US TOTAL","","","","","","","","00000000","","SOYBEANS","SOYBEANS - YIELD, MEASURED IN BU / ACRE","TOTAL","NOT SPECIFIED","35.9",""
"SURVEY","1991","YEAR","","NATIONAL","US TOTAL","","","","","","","","00000000","","SOYBEANS","SOYBEANS - YIELD, MEASURED IN BU / ACRE","TOTAL","NOT SPECIFIED","34.2",""
"SURVEY","1991","YEAR - AUG FORECAST","","NATIONAL","US TOTAL","","","","","","","","00000000","","SOYBEANS","SOYBEANS - YIELD, MEASURED IN BU / ACRE","TOTAL","NOT SPECIFIED","31.8",""
"SURVEY","1991","YEAR - NOV FORECAST","","NATIONAL","US TOTAL","","","","","","","","00000000","","SOYBEANS","SOYBEANS - YIELD, MEASURED IN BU / ACRE","TOTAL","NOT SPECIFIED","33.5",""
"SURVEY","1991","YEAR - OCT FORECAST","","NATIONAL","US TOTAL","","","","","","","","00000000","","SOYBEANS","SOYBEANS - YIELD, MEASURED IN BU / ACRE","TOTAL","NOT SPECIFIED","33",""
"SURVEY","1991","YEAR - SEP FORECAST","","NATIONAL","US TOTAL","","","","","","","","00000000","","SOYBEANS","SOYBEANS - YIELD, MEASURED IN BU / ACRE","TOTAL","NOT SPECIFIED","31",""
"SURVEY","1990","YEAR","","NATIONAL","US TOTAL","","","","","","","","00000000","","SOYBEANS","SOYBEANS - YIELD, MEASURED IN BU / ACRE","TOTAL","NOT SPECIFIED","34.1",""
"SURVEY","1990","YEAR - AUG FORECAST","","NATIONAL","US TOTAL","","","","","","","","00000000","","SOYBEANS","SOYBEANS - YIELD, MEASURED IN BU / ACRE","TOTAL","NOT SPECIFIED","32.5",""
"SURVEY","1990","YEAR - NOV FORECAST","","NATIONAL","US TOTAL","","","","","","","","00000000","","SOYBEANS","SOYBEANS - YIELD, MEASURED IN BU / ACRE","TOTAL","NOT SPECIFIED","33.7",""
"SURVEY","1990","YEAR - OCT FORECAST","","NATIONAL","US TOTAL","","","","","","","","00000000","","SOYBEANS","SOYBEANS - YIELD, MEASURED IN BU / ACRE","TOTAL","NOT SPECIFIED","32.3",""
"SURVEY","1990","YEAR - SEP FORECAST","","NATIONAL","US TOTAL","","","","","","","","00000000","","SOYBEANS","SOYBEANS - YIELD, MEASURED IN BU / ACRE","TOTAL","NOT SPECIFIED","32.4",""
"SURVEY","1989","YEAR","","NATIONAL","US TOTAL","","","","","","","","00000000","","SOYBEANS","SOYBEANS - YIELD, MEASURED IN BU / ACRE","TOTAL","NOT SPECIFIED","32.3",""
"SURVEY","1989","YEAR - AUG FORECAST","","NATIONAL","US TOTAL","","","","","","","","00000000","","SOYBEANS","SOYBEANS - YIELD, MEASURED IN BU / ACRE","TOTAL","NOT SPECIFIED","32.3",""
"SURVEY","1989","YEAR - NOV FORECAST","","NATIONAL","US TOTAL","","","","","","","","00000000","","SOYBEANS","SOYBEANS - YIELD, MEASURED IN BU / ACRE","TOTAL","NOT SPECIFIED","32.8",""
"SURVEY","1989","YEAR - OCT FORECAST","","NATIONAL","US TOTAL","","","","","","","","00000000","","SOYBEANS","SOYBEANS - YIELD, MEASURED IN BU / ACRE","TOTAL","NOT SPECIFIED","32.6",""
"SURVEY","1989","YEAR - SEP FORECAST","","NATIONAL","US TOTAL","","","","","","","","00000000","","SOYBEANS","SOYBEANS - YIELD, MEASURED IN BU / ACRE","TOTAL","NOT SPECIFIED","32",""
"SURVEY","1988","YEAR","","NATIONAL","US TOTAL","","","","","","","","00000000","","SOYBEANS","SOYBEANS - YIELD, MEASURED IN BU / ACRE","TOTAL","NOT SPECIFIED","27",""
"SURVEY","1988","YEAR - AUG FORECAST","","NATIONAL","US TOTAL","","","","","","","","00000000","","SOYBEANS","SOYBEANS - YIELD, MEASURED IN BU / ACRE","TOTAL","NOT SPECIFIED","26",""
"SURVEY","1988","YEAR - NOV FORECAST","","NATIONAL","US TOTAL","","","","","","","","00000000","","SOYBEANS","SOYBEANS - YIELD, MEASURED IN BU / ACRE","TOTAL","NOT SPECIFIED","26.6",""
"SURVEY","1988","YEAR - OCT FORECAST","","NATIONAL","US TOTAL","","","","","","","","00000000","","SOYBEANS","SOYBEANS - YIELD, MEASURED IN BU / ACRE","TOTAL","NOT SPECIFIED","26.4",""
"SURVEY","1988","YEAR - SEP FORECAST","","NATIONAL","US TOTAL","","","","","","","","00000000","","SOYBEANS","SOYBEANS - YIELD, MEASURED IN BU / ACRE","TOTAL","NOT SPECIFIED","25.9",""
"SURVEY","1987","YEAR","","NATIONAL","US TOTAL","","","","","","","","00000000","","SOYBEANS","SOYBEANS - YIELD, MEASURED IN BU / ACRE","TOTAL","NOT SPECIFIED","33.9",""
"SURVEY","1987","YEAR - AUG FORECAST","","NATIONAL","US TOTAL","","","","","","","","00000000","","SOYBEANS","SOYBEANS - YIELD, MEASURED IN BU / ACRE","TOTAL","NOT SPECIFIED","34.7",""
"SURVEY","1987","YEAR - NOV FORECAST","","NATIONAL","US TOTAL","","","","","","","","00000000","","SOYBEANS","SOYBEANS - YIELD, MEASURED IN BU / ACRE","TOTAL","NOT SPECIFIED","34.1",""
"SURVEY","1987","YEAR - OCT FORECAST","","NATIONAL","US TOTAL","","","","","","","","00000000","","SOYBEANS","SOYBEANS - YIELD, MEASURED IN BU / ACRE","TOTAL","NOT SPECIFIED","34.2",""
"SURVEY","1987","YEAR - SEP FORECAST","","NATIONAL","US TOTAL","","","","","","","","00000000","","SOYBEANS","SOYBEANS - YIELD, MEASURED IN BU / ACRE","TOTAL","NOT SPECIFIED","34",""
"SURVEY","1986","YEAR","","NATIONAL","US TOTAL","","","","","","","","00000000","","SOYBEANS","SOYBEANS - YIELD, MEASURED IN BU / ACRE","TOTAL","NOT SPECIFIED","33.3",""
"SURVEY","1986","YEAR - AUG FORECAST","","NATIONAL","US TOTAL","","","","","","","","00000000","","SOYBEANS","SOYBEANS - YIELD, MEASURED IN BU / ACRE","TOTAL","NOT SPECIFIED","32.9",""
"SURVEY","1986","YEAR - NOV FORECAST","","NATIONAL","US TOTAL","","","","","","","","00000000","","SOYBEANS","SOYBEANS - YIELD, MEASURED IN BU / ACRE","TOTAL","NOT SPECIFIED","33.8",""
"SURVEY","1986","YEAR - OCT FORECAST","","NATIONAL","US TOTAL","","","","","","","","00000000","","SOYBEANS","SOYBEANS - YIELD, MEASURED IN BU / ACRE","TOTAL","NOT SPECIFIED","33.3",""
"SURVEY","1986","YEAR - SEP FORECAST","","NATIONAL","US TOTAL","","","","","","","","00000000","","SOYBEANS","SOYBEANS - YIELD, MEASURED IN BU / ACRE","TOTAL","NOT SPECIFIED","33.1",""
"SURVEY","1985","YEAR","","NATIONAL","US TOTAL","","","","","","","","00000000","","SOYBEANS","SOYBEANS - YIELD, MEASURED IN BU / ACRE","TOTAL","NOT SPECIFIED","34.1",""
"SURVEY","1985","YEAR - AUG FORECAST","","NATIONAL","US TOTAL","","","","","","","","00000000","","SOYBEANS","SOYBEANS - YIELD, MEASURED IN BU / ACRE","TOTAL","NOT SPECIFIED","31.5",""
"SURVEY","1985","YEAR - NOV FORECAST","","NATIONAL","US TOTAL","","","","","","","","00000000","","SOYBEANS","SOYBEANS - YIELD, MEASURED IN BU / ACRE","TOTAL","NOT SPECIFIED","34.2",""
"SURVEY","1985","YEAR - OCT FORECAST","","NATIONAL","US TOTAL","","","","","","","","00000000","","SOYBEANS","SOYBEANS - YIELD, MEASURED IN BU / ACRE","TOTAL","NOT SPECIFIED","33.9",""
"SURVEY","1985","YEAR - SEP FORECAST","","NATIONAL","US TOTAL","","","","","","","","00000000","","SOYBEANS","SOYBEANS - YIELD, MEASURED IN BU / ACRE","TOTAL","NOT SPECIFIED","33.2",""
"SURVEY","1984","YEAR","","NATIONAL","US TOTAL","","","","","","","","00000000","","SOYBEANS","SOYBEANS - YIELD, MEASURED IN BU / ACRE","TOTAL","NOT SPECIFIED","28.1",""
"SURVEY","1984","YEAR - AUG FORECAST","","NATIONAL","US TOTAL","","","","","","","","00000000","","SOYBEANS","SOYBEANS - YIELD, MEASURED IN BU / ACRE","TOTAL","NOT SPECIFIED","30.5",""
"SURVEY","1984","YEAR - NOV FORECAST","","NATIONAL","US TOTAL","","","","","","","","00000000","","SOYBEANS","SOYBEANS - YIELD, MEASURED IN BU / ACRE","TOTAL","NOT SPECIFIED","28.5",""
"SURVEY","1984","YEAR - OCT FORECAST","","NATIONAL","US TOTAL","","","","","","","","00000000","","SOYBEANS","SOYBEANS - YIELD, MEASURED IN BU / ACRE","TOTAL","NOT SPECIFIED","29.5",""
"SURVEY","1984","YEAR - SEP FORECAST","","NATIONAL","US TOTAL","","","","","","","","00000000","","SOYBEANS","SOYBEANS - YIELD, MEASURED IN BU / ACRE","TOTAL","NOT SPECIFIED","30.3",""
"SURVEY","1983","YEAR","","NATIONAL","US TOTAL","","","","","","","","00000000","","SOYBEANS","SOYBEANS - YIELD, MEASURED IN BU / ACRE","TOTAL","NOT SPECIFIED","26.2",""
"SURVEY","1983","YEAR - AUG FORECAST","","NATIONAL","US TOTAL","","","","","","","","00000000","","SOYBEANS","SOYBEANS - YIELD, MEASURED IN BU / ACRE","TOTAL","NOT SPECIFIED","29.7",""
"SURVEY","1983","YEAR - NOV FORECAST","","NATIONAL","US TOTAL","","","","","","","","00000000","","SOYBEANS","SOYBEANS - YIELD, MEASURED IN BU / ACRE","TOTAL","NOT SPECIFIED","25",""
"SURVEY","1983","YEAR - OCT FORECAST","","NATIONAL","US TOTAL","","","","","","","","00000000","","SOYBEANS","SOYBEANS - YIELD, MEASURED IN BU / ACRE","TOTAL","NOT SPECIFIED","24.7",""
"SURVEY","1983","YEAR - SEP FORECAST","","NATIONAL","US TOTAL","","","","","","","","00000000","","SOYBEANS","SOYBEANS - YIELD, MEASURED IN BU / ACRE","TOTAL","NOT SPECIFIED","24.9",""
"SURVEY","1982","YEAR","","NATIONAL","US TOTAL","","","","","","","","00000000","","SOYBEANS","SOYBEANS - YIELD, MEASURED IN BU / ACRE","TOTAL","NOT SPECIFIED","31.5",""
"SURVEY","1982","YEAR - AUG FORECAST","","NATIONAL","US TOTAL","","","","","","","","00000000","","SOYBEANS","SOYBEANS - YIELD, MEASURED IN BU / ACRE","TOTAL","NOT SPECIFIED","32.3",""
"SURVEY","1982","YEAR - NOV FORECAST","","NATIONAL","US TOTAL","","","","","","","","00000000","","SOYBEANS","SOYBEANS - YIELD, MEASURED IN BU / ACRE","TOTAL","NOT SPECIFIED","32.4",""
"SURVEY","1982","YEAR - OCT FORECAST","","NATIONAL","US TOTAL","","","","","","","","00000000","","SOYBEANS","SOYBEANS - YIELD, MEASURED IN BU / ACRE","TOTAL","NOT SPECIFIED","32.4",""
"SURVEY","1982","YEAR - SEP FORECAST","","NATIONAL","US TOTAL","","","","","","","","00000000","","SOYBEANS","SOYBEANS - YIELD, MEASURED IN BU / ACRE","TOTAL","NOT SPECIFIED","32.6",""
"SURVEY","1981","YEAR","","NATIONAL","US TOTAL","","","","","","","","00000000","","SOYBEANS","SOYBEANS - YIELD, MEASURED IN BU / ACRE","TOTAL","NOT SPECIFIED","30.1",""
"SURVEY","1981","YEAR - AUG FORECAST","","NATIONAL","US TOTAL","","","","","","","","00000000","","SOYBEANS","SOYBEANS - YIELD, MEASURED IN BU / ACRE","TOTAL","NOT SPECIFIED","30.2",""
"SURVEY","1981","YEAR - NOV FORECAST","","NATIONAL","US TOTAL","","","","","","","","00000000","","SOYBEANS","SOYBEANS - YIELD, MEASURED IN BU / ACRE","TOTAL","NOT SPECIFIED","31",""
"SURVEY","1981","YEAR - OCT FORECAST","","NATIONAL","US TOTAL","","","","","","","","00000000","","SOYBEANS","SOYBEANS - YIELD, MEASURED IN BU / ACRE","TOTAL","NOT SPECIFIED","31.5",""
"SURVEY","1981","YEAR - SEP FORECAST","","NATIONAL","US TOTAL","","","","","","","","00000000","","SOYBEANS","SOYBEANS - YIELD, MEASURED IN BU / ACRE","TOTAL","NOT SPECIFIED","31.2",""
"SURVEY","1980","YEAR","","NATIONAL","US TOTAL","","","","","","","","00000000","","SOYBEANS","SOYBEANS - YIELD, MEASURED IN BU / ACRE","TOTAL","NOT SPECIFIED","26.5",""
"SURVEY","1980","YEAR - AUG FORECAST","","NATIONAL","US TOTAL","","","","","","","","00000000","","SOYBEANS","SOYBEANS - YIELD, MEASURED IN BU / ACRE","TOTAL","NOT SPECIFIED","27.4",""
"SURVEY","1980","YEAR - NOV FORECAST","","NATIONAL","US TOTAL","","","","","","","","00000000","","SOYBEANS","SOYBEANS - YIELD, MEASURED IN BU / ACRE","TOTAL","NOT SPECIFIED","26.5",""
"SURVEY","1980","YEAR - OCT FORECAST","","NATIONAL","US TOTAL","","","","","","","","00000000","","SOYBEANS","SOYBEANS - YIELD, MEASURED IN BU / ACRE","TOTAL","NOT SPECIFIED","26.1",""
"SURVEY","1980","YEAR - SEP FORECAST","","NATIONAL","US TOTAL","","","","","","","","00000000","","SOYBEANS","SOYBEANS - YIELD, MEASURED IN BU / ACRE","TOTAL","NOT SPECIFIED","27",""
"SURVEY","1979","YEAR","","NATIONAL","US TOTAL","","","","","","","","00000000","","SOYBEANS","SOYBEANS - YIELD, MEASURED IN BU / ACRE","TOTAL","NOT SPECIFIED","32.1",""
"SURVEY","1979","YEAR - AUG FORECAST","","NATIONAL","US TOTAL","","","","","","","","00000000","","SOYBEANS","SOYBEANS - YIELD, MEASURED IN BU / ACRE","TOTAL","NOT SPECIFIED","30.3",""
"SURVEY","1979","YEAR - NOV FORECAST","","NATIONAL","US TOTAL","","","","","","","","00000000","","SOYBEANS","SOYBEANS - YIELD, MEASURED IN BU / ACRE","TOTAL","NOT SPECIFIED","31.8",""
"SURVEY","1979","YEAR - OCT FORECAST","","NATIONAL","US TOTAL","","","","","","","","00000000","","SOYBEANS","SOYBEANS - YIELD, MEASURED IN BU / ACRE","TOTAL","NOT SPECIFIED","31.5",""
"SURVEY","1979","YEAR - SEP FORECAST","","NATIONAL","US TOTAL","","","","","","","","00000000","","SOYBEANS","SOYBEANS - YIELD, MEASURED IN BU / ACRE","TOTAL","NOT SPECIFIED","30.9",""
"SURVEY","1978","YEAR","","NATIONAL","US TOTAL","","","","","","","","00000000","","SOYBEANS","SOYBEANS - YIELD, MEASURED IN BU / ACRE","TOTAL","NOT SPECIFIED","29.4",""
"SURVEY","1978","YEAR - AUG FORECAST","","NATIONAL","US TOTAL","","","","","","","","00000000","","SOYBEANS","SOYBEANS - YIELD, MEASURED IN BU / ACRE","TOTAL","NOT SPECIFIED","27.9",""
"SURVEY","1978","YEAR - NOV FORECAST","","NATIONAL","US TOTAL","","","","","","","","00000000","","SOYBEANS","SOYBEANS - YIELD, MEASURED IN BU / ACRE","TOTAL","NOT SPECIFIED","28.6",""
"SURVEY","1978","YEAR - OCT FORECAST","","NATIONAL","US TOTAL","","","","","","","","00000000","","SOYBEANS","SOYBEANS - YIELD, MEASURED IN BU / ACRE","TOTAL","NOT SPECIFIED","28.3",""
"SURVEY","1978","YEAR - SEP FORECAST","","NATIONAL","US TOTAL","","","","","","","","00000000","","SOYBEANS","SOYBEANS - YIELD, MEASURED IN BU / ACRE","TOTAL","NOT SPECIFIED","28",""
"SURVEY","1977","YEAR","","NATIONAL","US TOTAL","","","","","","","","00000000","","SOYBEANS","SOYBEANS - YIELD, MEASURED IN BU / ACRE","TOTAL","NOT SPECIFIED","30.6",""
"SURVEY","1977","YEAR - AUG FORECAST","","NATIONAL","US TOTAL","","","","","","","","00000000","","SOYBEANS","SOYBEANS - YIELD, MEASURED IN BU / ACRE","TOTAL","NOT SPECIFIED","27.5",""
"SURVEY","1977","YEAR - NOV FORECAST","","NATIONAL","US TOTAL","","","","","","","","00000000","","SOYBEANS","SOYBEANS - YIELD, MEASURED IN BU / ACRE","TOTAL","NOT SPECIFIED","28.9",""
"SURVEY","1977","YEAR - OCT FORECAST","","NATIONAL","US TOTAL","","","","","","","","00000000","","SOYBEANS","SOYBEANS - YIELD, MEASURED IN BU / ACRE","TOTAL","NOT SPECIFIED","28.3",""
"SURVEY","1977","YEAR - SEP FORECAST","","NATIONAL","US TOTAL","","","","","","","","00000000","","SOYBEANS","SOYBEANS - YIELD, MEASURED IN BU / ACRE","TOTAL","NOT SPECIFIED","28.3",""
"SURVEY","1976","YEAR","","NATIONAL","US TOTAL","","","","","","","","00000000","","SOYBEANS","SOYBEANS - YIELD, MEASURED IN BU / ACRE","TOTAL","NOT SPECIFIED","26.1",""
"SURVEY","1976","YEAR - AUG FORECAST","","NATIONAL","US TOTAL","","","","","","","","00000000","","SOYBEANS","SOYBEANS - YIELD, MEASURED IN BU / ACRE","TOTAL","NOT SPECIFIED","27.2",""
"SURVEY","1976","YEAR - NOV FORECAST","","NATIONAL","US TOTAL","","","","","","","","00000000","","SOYBEANS","SOYBEANS - YIELD, MEASURED IN BU / ACRE","TOTAL","NOT SPECIFIED","25.3",""
"SURVEY","1976","YEAR - OCT FORECAST","","NATIONAL","US TOTAL","","","","","","","","00000000","","SOYBEANS","SOYBEANS - YIELD, MEASURED IN BU / ACRE","TOTAL","NOT SPECIFIED","25.3",""
"SURVEY","1976","YEAR - SEP FORECAST","","NATIONAL","US TOTAL","","","","","","","","00000000","","SOYBEANS","SOYBEANS - YIELD, MEASURED IN BU / ACRE","TOTAL","NOT SPECIFIED","25.8",""
"SURVEY","1975","YEAR","","NATIONAL","US TOTAL","","","","","","","","00000000","","SOYBEANS","SOYBEANS - YIELD, MEASURED IN BU / ACRE","TOTAL","NOT SPECIFIED","28.9",""
"SURVEY","1975","YEAR - AUG FORECAST","","NATIONAL","US TOTAL","","","","","","","","00000000","","SOYBEANS","SOYBEANS - YIELD, MEASURED IN BU / ACRE","TOTAL","NOT SPECIFIED","27.2",""
"SURVEY","1975","YEAR - NOV FORECAST","","NATIONAL","US TOTAL","","","","","","","","00000000","","SOYBEANS","SOYBEANS - YIELD, MEASURED IN BU / ACRE","TOTAL","NOT SPECIFIED","28.4",""
"SURVEY","1975","YEAR - OCT FORECAST","","NATIONAL","US TOTAL","","","","","","","","00000000","","SOYBEANS","SOYBEANS - YIELD, MEASURED IN BU / ACRE","TOTAL","NOT SPECIFIED","27.5",""
"SURVEY","1975","YEAR - SEP FORECAST","","NATIONAL","US TOTAL","","","","","","","","00000000","","SOYBEANS","SOYBEANS - YIELD, MEASURED IN BU / ACRE","TOTAL","NOT SPECIFIED","26.9",""
"SURVEY","1974","YEAR","","NATIONAL","US TOTAL","","","","","","","","00000000","","SOYBEANS","SOYBEANS - YIELD, MEASURED IN BU / ACRE","TOTAL","NOT SPECIFIED","23.7",""
"SURVEY","1974","YEAR - AUG FORECAST","","NATIONAL","US TOTAL","","","","","","","","00000000","","SOYBEANS","SOYBEANS - YIELD, MEASURED IN BU / ACRE","TOTAL","NOT SPECIFIED","25.1",""
"SURVEY","1974","YEAR - NOV FORECAST","","NATIONAL","US TOTAL","","","","","","","","00000000","","SOYBEANS","SOYBEANS - YIELD, MEASURED IN BU / ACRE","TOTAL","NOT SPECIFIED","23.7",""
"SURVEY","1974","YEAR - OCT FORECAST","","NATIONAL","US TOTAL","","","","","","","","00000000","","SOYBEANS","SOYBEANS - YIELD, MEASURED IN BU / ACRE","TOTAL","NOT SPECIFIED","24",""
"SURVEY","1974","YEAR - SEP FORECAST","","NATIONAL","US TOTAL","","","","","","","","00000000","","SOYBEANS","SOYBEANS - YIELD, MEASURED IN BU / ACRE","TOTAL","NOT SPECIFIED","25.1",""
"SURVEY","1973","YEAR","","NATIONAL","US TOTAL","","","","","","","","00000000","","SOYBEANS","SOYBEANS - YIELD, MEASURED IN BU / ACRE","TOTAL","NOT SPECIFIED","27.8",""
"SURVEY","1973","YEAR - AUG FORECAST","","NATIONAL","US TOTAL","","","","","","","","00000000","","SOYBEANS","SOYBEANS - YIELD, MEASURED IN BU / ACRE","TOTAL","NOT SPECIFIED","27.4",""
"SURVEY","1973","YEAR - NOV FORECAST","","NATIONAL","US TOTAL","","","","","","","","00000000","","SOYBEANS","SOYBEANS - YIELD, MEASURED IN BU / ACRE","TOTAL","NOT SPECIFIED","28",""
"SURVEY","1973","YEAR - OCT FORECAST","","NATIONAL","US TOTAL","","","","","","","","00000000","","SOYBEANS","SOYBEANS - YIELD, MEASURED IN BU / ACRE","TOTAL","NOT SPECIFIED","28.3",""
"SURVEY","1973","YEAR - SEP FORECAST","","NATIONAL","US TOTAL","","","","","","","","00000000","","SOYBEANS","SOYBEANS - YIELD, MEASURED IN BU / ACRE","TOTAL","NOT SPECIFIED","28.3",""
"SURVEY","1972","YEAR","","NATIONAL","US TOTAL","","","","","","","","00000000","","SOYBEANS","SOYBEANS - YIELD, MEASURED IN BU / ACRE","TOTAL","NOT SPECIFIED","27.8",""
"SURVEY","1972","YEAR - AUG FORECAST","","NATIONAL","US TOTAL","","","","","","","","00000000","","SOYBEANS","SOYBEANS - YIELD, MEASURED IN BU / ACRE","TOTAL","NOT SPECIFIED","27.7",""
"SURVEY","1972","YEAR - NOV FORECAST","","NATIONAL","US TOTAL","","","","","","","","00000000","","SOYBEANS","SOYBEANS - YIELD, MEASURED IN BU / ACRE","TOTAL","NOT SPECIFIED","29.5",""
"SURVEY","1972","YEAR - OCT FORECAST","","NATIONAL","US TOTAL","","","","","","","","00000000","","SOYBEANS","SOYBEANS - YIELD, MEASURED IN BU / ACRE","TOTAL","NOT SPECIFIED","28.7",""
"SURVEY","1972","YEAR - SEP FORECAST","","NATIONAL","US TOTAL","","","","","","","","00000000","","SOYBEANS","SOYBEANS - YIELD, MEASURED IN BU / ACRE","TOTAL","NOT SPECIFIED","28.1",""
"SURVEY","1971","YEAR","","NATIONAL","US TOTAL","","","","","","","","00000000","","SOYBEANS","SOYBEANS - YIELD, MEASURED IN BU / ACRE","TOTAL","NOT SPECIFIED","27.5",""
"SURVEY","1971","YEAR - AUG FORECAST","","NATIONAL","US TOTAL","","","","","","","","00000000","","SOYBEANS","SOYBEANS - YIELD, MEASURED IN BU / ACRE","TOTAL","NOT SPECIFIED","28.8",""
"SURVEY","1971","YEAR - NOV FORECAST","","NATIONAL","US TOTAL","","","","","","","","00000000","","SOYBEANS","SOYBEANS - YIELD, MEASURED IN BU / ACRE","TOTAL","NOT SPECIFIED","28",""
"SURVEY","1971","YEAR - OCT FORECAST","","NATIONAL","US TOTAL","","","","","","","","00000000","","SOYBEANS","SOYBEANS - YIELD, MEASURED IN BU / ACRE","TOTAL","NOT SPECIFIED","27.4",""
"SURVEY","1971","YEAR - SEP FORECAST","","NATIONAL","US TOTAL","","","","","","","","00000000","","SOYBEANS","SOYBEANS - YIELD, MEASURED IN BU / ACRE","TOTAL","NOT SPECIFIED","27.7",""
"SURVEY","1970","YEAR","","NATIONAL","US TOTAL","","","","","","","","00000000","","SOYBEANS","SOYBEANS - YIELD, MEASURED IN BU / ACRE","TOTAL","NOT SPECIFIED","26.7",""
"SURVEY","1970","YEAR - AUG FORECAST","","NATIONAL","US TOTAL","","","","","","","","00000000","","SOYBEANS","SOYBEANS - YIELD, MEASURED IN BU / ACRE","TOTAL","NOT SPECIFIED","26.8",""
"SURVEY","1970","YEAR - NOV FORECAST","","NATIONAL","US TOTAL","","","","","","","","00000000","","SOYBEANS","SOYBEANS - YIELD, MEASURED IN BU / ACRE","TOTAL","NOT SPECIFIED","27.3",""
"SURVEY","1970","YEAR - OCT FORECAST","","NATIONAL","US TOTAL","","","","","","","","00000000","","SOYBEANS","SOYBEANS - YIELD, MEASURED IN BU / ACRE","TOTAL","NOT SPECIFIED","27.3",""
"SURVEY","1970","YEAR - SEP FORECAST","","NATIONAL","US TOTAL","","","","","","","","00000000","","SOYBEANS","SOYBEANS - YIELD, MEASURED IN BU / ACRE","TOTAL","NOT SPECIFIED","27.2",""
"SURVEY","1969","YEAR","","NATIONAL","US TOTAL","","","","","","","","00000000","","SOYBEANS","SOYBEANS - YIELD, MEASURED IN BU / ACRE","TOTAL","NOT SPECIFIED","27.4",""
"SURVEY","1969","YEAR - AUG FORECAST","","NATIONAL","US TOTAL","","","","","","","","00000000","","SOYBEANS","SOYBEANS - YIELD, MEASURED IN BU / ACRE","TOTAL","NOT SPECIFIED","25.5",""
"SURVEY","1969","YEAR - NOV FORECAST","","NATIONAL","US TOTAL","","","","","","","","00000000","","SOYBEANS","SOYBEANS - YIELD, MEASURED IN BU / ACRE","TOTAL","NOT SPECIFIED","26.3",""
"SURVEY","1969","YEAR - OCT FORECAST","","NATIONAL","US TOTAL","","","","","","","","00000000","","SOYBEANS","SOYBEANS - YIELD, MEASURED IN BU / ACRE","TOTAL","NOT SPECIFIED","25.7",""
"SURVEY","1969","YEAR - SEP FORECAST","","NATIONAL","US TOTAL","","","","","","","","00000000","","SOYBEANS","SOYBEANS - YIELD, MEASURED IN BU / ACRE","TOTAL","NOT SPECIFIED","25.3",""
"SURVEY","1968","YEAR","","NATIONAL","US TOTAL","","","","","","","","00000000","","SOYBEANS","SOYBEANS - YIELD, MEASURED IN BU / ACRE","TOTAL","NOT SPECIFIED","26.7",""
"SURVEY","1968","YEAR - AUG FORECAST","","NATIONAL","US TOTAL","","","","","","","","00000000","","SOYBEANS","SOYBEANS - YIELD, MEASURED IN BU / ACRE","TOTAL","NOT SPECIFIED","26",""
"SURVEY","1968","YEAR - NOV FORECAST","","NATIONAL","US TOTAL","","","","","","","","00000000","","SOYBEANS","SOYBEANS - YIELD, MEASURED IN BU / ACRE","TOTAL","NOT SPECIFIED","26.4",""
"SURVEY","1968","YEAR - OCT FORECAST","","NATIONAL","US TOTAL","","","","","","","","00000000","","SOYBEANS","SOYBEANS - YIELD, MEASURED IN BU / ACRE","TOTAL","NOT SPECIFIED","26",""
"SURVEY","1968","YEAR - SEP FORECAST","","NATIONAL","US TOTAL","","","","","","","","00000000","","SOYBEANS","SOYBEANS - YIELD, MEASURED IN BU / ACRE","TOTAL","NOT SPECIFIED","26.4",""
"SURVEY","1967","YEAR","","NATIONAL","US TOTAL","","","","","","","","00000000","","SOYBEANS","SOYBEANS - YIELD, MEASURED IN BU / ACRE","TOTAL","NOT SPECIFIED","24.5",""
"SURVEY","1967","YEAR - AUG FORECAST","","NATIONAL","US TOTAL","","","","","","","","00000000","","SOYBEANS","SOYBEANS - YIELD, MEASURED IN BU / ACRE","TOTAL","NOT SPECIFIED","24.9",""
"SURVEY","1967","YEAR - NOV FORECAST","","NATIONAL","US TOTAL","","","","","","","","00000000","","SOYBEANS","SOYBEANS - YIELD, MEASURED IN BU / ACRE","TOTAL","NOT SPECIFIED","24.6",""
"SURVEY","1967","YEAR - OCT FORECAST","","NATIONAL","US TOTAL","","","","","","","","00000000","","SOYBEANS","SOYBEANS - YIELD, MEASURED IN BU / ACRE","TOTAL","NOT SPECIFIED","24.8",""
"SURVEY","1967","YEAR - SEP FORECAST","","NATIONAL","US TOTAL","","","","","","","","00000000","","SOYBEANS","SOYBEANS - YIELD, MEASURED IN BU / ACRE","TOTAL","NOT SPECIFIED","25",""
"SURVEY","1966","YEAR","","NATIONAL","US TOTAL","","","","","","","","00000000","","SOYBEANS","SOYBEANS - YIELD, MEASURED IN BU / ACRE","TOTAL","NOT SPECIFIED","25.4",""
"SURVEY","1966","YEAR - AUG FORECAST","","NATIONAL","US TOTAL","","","","","","","","00000000","","SOYBEANS","SOYBEANS - YIELD, MEASURED IN BU / ACRE","TOTAL","NOT SPECIFIED","23.3",""
"SURVEY","1966","YEAR - NOV FORECAST","","NATIONAL","US TOTAL","","","","","","","","00000000","","SOYBEANS","SOYBEANS - YIELD, MEASURED IN BU / ACRE","TOTAL","NOT SPECIFIED","25.2",""
"SURVEY","1966","YEAR - OCT FORECAST","","NATIONAL","US TOTAL","","","","","","","","00000000","","SOYBEANS","SOYBEANS - YIELD, MEASURED IN BU / ACRE","TOTAL","NOT SPECIFIED","25.1",""
"SURVEY","1966","YEAR - SEP FORECAST","","NATIONAL","US TOTAL","","","","","","","","00000000","","SOYBEANS","SOYBEANS - YIELD, MEASURED IN BU / ACRE","TOTAL","NOT SPECIFIED","25.1",""
"SURVEY","1965","YEAR","","NATIONAL","US TOTAL","","","","","","","","00000000","","SOYBEANS","SOYBEANS - YIELD, MEASURED IN BU / ACRE","TOTAL","NOT SPECIFIED","24.5",""
"SURVEY","1965","YEAR - AUG FORECAST","","NATIONAL","US TOTAL","","","","","","","","00000000","","SOYBEANS","SOYBEANS - YIELD, MEASURED IN BU / ACRE","TOTAL","NOT SPECIFIED","24.9",""
"SURVEY","1965","YEAR - NOV FORECAST","","NATIONAL","US TOTAL","","","","","","","","00000000","","SOYBEANS","SOYBEANS - YIELD, MEASURED IN BU / ACRE","TOTAL","NOT SPECIFIED","24.6",""
"SURVEY","1965","YEAR - OCT FORECAST","","NATIONAL","US TOTAL","","","","","","","","00000000","","SOYBEANS","SOYBEANS - YIELD, MEASURED IN BU / ACRE","TOTAL","NOT SPECIFIED","24.9",""
"SURVEY","1965","YEAR - SEP FORECAST","","NATIONAL","US TOTAL","","","","","","","","00000000","","SOYBEANS","SOYBEANS - YIELD, MEASURED IN BU / ACRE","TOTAL","NOT SPECIFIED","25",""
"SURVEY","1964","YEAR","","NATIONAL","US TOTAL","","","","","","","","00000000","","SOYBEANS","SOYBEANS - YIELD, MEASURED IN BU / ACRE","TOTAL","NOT SPECIFIED","22.8",""
"SURVEY","1963","YEAR","","NATIONAL","US TOTAL","","","","","","","","00000000","","SOYBEANS","SOYBEANS - YIELD, MEASURED IN BU / ACRE","TOTAL","NOT SPECIFIED","24.4",""
"SURVEY","1962","YEAR","","NATIONAL","US TOTAL","","","","","","","","00000000","","SOYBEANS","SOYBEANS - YIELD, MEASURED IN BU / ACRE","TOTAL","NOT SPECIFIED","24.2",""
"SURVEY","1961","YEAR","","NATIONAL","US TOTAL","","","","","","","","00000000","","SOYBEANS","SOYBEANS - YIELD, MEASURED IN BU / ACRE","TOTAL","NOT SPECIFIED","25.1",""
"SURVEY","1960","YEAR","","NATIONAL","US TOTAL","","","","","","","","00000000","","SOYBEANS","SOYBEANS - YIELD, MEASURED IN BU / ACRE","TOTAL","NOT SPECIFIED","23.5",""
"SURVEY","1959","YEAR","","NATIONAL","US TOTAL","","","","","","","","00000000","","SOYBEANS","SOYBEANS - YIELD, MEASURED IN BU / ACRE","TOTAL","NOT SPECIFIED","23.5",""
"SURVEY","1958","YEAR","","NATIONAL","US TOTAL","","","","","","","","00000000","","SOYBEANS","SOYBEANS - YIELD, MEASURED IN BU / ACRE","TOTAL","NOT SPECIFIED","24.2",""
"SURVEY","1957","YEAR","","NATIONAL","US TOTAL","","","","","","","","00000000","","SOYBEANS","SOYBEANS - YIELD, MEASURED IN BU / ACRE","TOTAL","NOT SPECIFIED","23.2",""
"SURVEY","1956","YEAR","","NATIONAL","US TOTAL","","","","","","","","00000000","","SOYBEANS","SOYBEANS - YIELD, MEASURED IN BU / ACRE","TOTAL","NOT SPECIFIED","21.8",""
"SURVEY","1955","YEAR","","NATIONAL","US TOTAL","","","","","","","","00000000","","SOYBEANS","SOYBEANS - YIELD, MEASURED IN BU / ACRE","TOTAL","NOT SPECIFIED","20.1",""
"SURVEY","1954","YEAR","","NATIONAL","US TOTAL","","","","","","","","00000000","","SOYBEANS","SOYBEANS - YIELD, MEASURED IN BU / ACRE","TOTAL","NOT SPECIFIED","20",""
"SURVEY","1953","YEAR","","NATIONAL","US TOTAL","","","","","","","","00000000","","SOYBEANS","SOYBEANS - YIELD, MEASURED IN BU / ACRE","TOTAL","NOT SPECIFIED","18.2",""
"SURVEY","1952","YEAR","","NATIONAL","US TOTAL","","","","","","","","00000000","","SOYBEANS","SOYBEANS - YIELD, MEASURED IN BU / ACRE","TOTAL","NOT SPECIFIED","20.7",""
"SURVEY","1951","YEAR","","NATIONAL","US TOTAL","","","","","","","","00000000","","SOYBEANS","SOYBEANS - YIELD, MEASURED IN BU / ACRE","TOTAL","NOT SPECIFIED","20.8",""
"SURVEY","1950","YEAR","","NATIONAL","US TOTAL","","","","","","","","00000000","","SOYBEANS","SOYBEANS - YIELD, MEASURED IN BU / ACRE","TOTAL","NOT SPECIFIED","21.7",""
"SURVEY","1949","YEAR","","NATIONAL","US TOTAL","","","","","","","","00000000","","SOYBEANS","SOYBEANS - YIELD, MEASURED IN BU / ACRE","TOTAL","NOT SPECIFIED","22.3",""
"SURVEY","1948","YEAR","","NATIONAL","US TOTAL","","","","","","","","00000000","","SOYBEANS","SOYBEANS - YIELD, MEASURED IN BU / ACRE","TOTAL","NOT SPECIFIED","21.3",""
"SURVEY","1947","YEAR","","NATIONAL","US TOTAL","","","","","","","","00000000","","SOYBEANS","SOYBEANS - YIELD, MEASURED IN BU / ACRE","TOTAL","NOT SPECIFIED","16.3",""
"SURVEY","1946","YEAR","","NATIONAL","US TOTAL","","","","","","","","00000000","","SOYBEANS","SOYBEANS - YIELD, MEASURED IN BU / ACRE","TOTAL","NOT SPECIFIED","20.5",""
"SURVEY","1945","YEAR","","NATIONAL","US TOTAL","","","","","","","","00000000","","SOYBEANS","SOYBEANS - YIELD, MEASURED IN BU / ACRE","TOTAL","NOT SPECIFIED","18",""
"SURVEY","1944","YEAR","","NATIONAL","US TOTAL","","","","","","","","00000000","","SOYBEANS","SOYBEANS - YIELD, MEASURED IN BU / ACRE","TOTAL","NOT SPECIFIED","18.8",""
"SURVEY","1943","YEAR","","NATIONAL","US TOTAL","","","","","","","","00000000","","SOYBEANS","SOYBEANS - YIELD, MEASURED IN BU / ACRE","TOTAL","NOT SPECIFIED","18.3",""
"SURVEY","1942","YEAR","","NATIONAL","US TOTAL","","","","","","","","00000000","","SOYBEANS","SOYBEANS - YIELD, MEASURED IN BU / ACRE","TOTAL","NOT SPECIFIED","19",""
"SURVEY","1941","YEAR","","NATIONAL","US TOTAL","","","","","","","","00000000","","SOYBEANS","SOYBEANS - YIELD, MEASURED IN BU / ACRE","TOTAL","NOT SPECIFIED","18.2",""
"SURVEY","1940","YEAR","","NATIONAL","US TOTAL","","","","","","","","00000000","","SOYBEANS","SOYBEANS - YIELD, MEASURED IN BU / ACRE","TOTAL","NOT SPECIFIED","16.2",""
"SURVEY","1939","YEAR","","NATIONAL","US TOTAL","","","","","","","","00000000","","SOYBEANS","SOYBEANS - YIELD, MEASURED IN BU / ACRE","TOTAL","NOT SPECIFIED","20.9",""
"SURVEY","1938","YEAR","","NATIONAL","US TOTAL","","","","","","","","00000000","","SOYBEANS","SOYBEANS - YIELD, MEASURED IN BU / ACRE","TOTAL","NOT SPECIFIED","20.4",""
"SURVEY","1937","YEAR","","NATIONAL","US TOTAL","","","","","","","","00000000","","SOYBEANS","SOYBEANS - YIELD, MEASURED IN BU / ACRE","TOTAL","NOT SPECIFIED","17.9",""
"SURVEY","1936","YEAR","","NATIONAL","US TOTAL","","","","","","","","00000000","","SOYBEANS","SOYBEANS - YIELD, MEASURED IN BU / ACRE","TOTAL","NOT SPECIFIED","14.3",""
"SURVEY","1935","YEAR","","NATIONAL","US TOTAL","","","","","","","","00000000","","SOYBEANS","SOYBEANS - YIELD, MEASURED IN BU / ACRE","TOTAL","NOT SPECIFIED","16.8",""
"SURVEY","1934","YEAR","","NATIONAL","US TOTAL","","","","","","","","00000000","","SOYBEANS","SOYBEANS - YIELD, MEASURED IN BU / ACRE","TOTAL","NOT SPECIFIED","14.9",""
"SURVEY","1933","YEAR","","NATIONAL","US TOTAL","","","","","","","","00000000","","SOYBEANS","SOYBEANS - YIELD, MEASURED IN BU / ACRE","TOTAL","NOT SPECIFIED","12.9",""
"SURVEY","1932","YEAR","","NATIONAL","US TOTAL","","","","","","","","00000000","","SOYBEANS","SOYBEANS - YIELD, MEASURED IN BU / ACRE","TOTAL","NOT SPECIFIED","15.1",""
"SURVEY","1931","YEAR","","NATIONAL","US TOTAL","","","","","","","","00000000","","SOYBEANS","SOYBEANS - YIELD, MEASURED IN BU / ACRE","TOTAL","NOT SPECIFIED","15.1",""
"SURVEY","1930","YEAR","","NATIONAL","US TOTAL","","","","","","","","00000000","","SOYBEANS","SOYBEANS - YIELD, MEASURED IN BU / ACRE","TOTAL","NOT SPECIFIED","13",""
"SURVEY","1929","YEAR","","NATIONAL","US TOTAL","","","","","","","","00000000","","SOYBEANS","SOYBEANS - YIELD, MEASURED IN BU / ACRE","TOTAL","NOT SPECIFIED","13.3",""
"SURVEY","1928","YEAR","","NATIONAL","US TOTAL","","","","","","","","00000000","","SOYBEANS","SOYBEANS - YIELD, MEASURED IN BU / ACRE","TOTAL","NOT SPECIFIED","13.6",""
"SURVEY","1927","YEAR","","NATIONAL","US TOTAL","","","","","","","","00000000","","SOYBEANS","SOYBEANS - YIELD, MEASURED IN BU / ACRE","TOTAL","NOT SPECIFIED","12.2",""
"SURVEY","1926","YEAR","","NATIONAL","US TOTAL","","","","","","","","00000000","","SOYBEANS","SOYBEANS - YIELD, MEASURED IN BU / ACRE","TOTAL","NOT SPECIFIED","11.2",""
"SURVEY","1925","YEAR","","NATIONAL","US TOTAL","","","","","","","","00000000","","SOYBEANS","SOYBEANS - YIELD, MEASURED IN BU / ACRE","TOTAL","NOT SPECIFIED","11.7",""
"SURVEY","1924","YEAR","","NATIONAL","US TOTAL","","","","","","","","00000000","","SOYBEANS","SOYBEANS - YIELD, MEASURED IN BU / ACRE","TOTAL","NOT SPECIFIED","11",""
